{"cameraMode":{"drawMode":0,"name":"Shaded","section":"Shading Mode"},"sceneLighting":true,"audioPlay":false,"sceneViewState":{"showFog":true,"showMaterialUpdate":false,"showSkybox":true,"showFlares":true,"showImageEffects":true,"showParticleSystems":true},"in2DMode":false,"pivot":{"x":16.521484375,"y":1.158203125,"z":19.6669921875},"rotation":{"x":0.05019295960664749,"y":-0.5326696634292603,"z":0.03170226141810417,"w":0.8443196415901184},"size":11.706875801086426,"orthographic":true}