{"cameraMode":{"drawMode":0,"name":"Shaded","section":"Shading Mode"},"sceneLighting":true,"audioPlay":false,"sceneViewState":{"showFog":true,"showMaterialUpdate":false,"showSkybox":true,"showFlares":true,"showImageEffects":true,"showParticleSystems":true},"in2DMode":false,"pivot":{"x":25.0296630859375,"y":9.884765625,"z":-2.296875},"rotation":{"x":-0.011103429831564427,"y":-0.006389738526195288,"z":-0.00010370630479883403,"w":1.0000410079956055},"size":42.789039611816409,"orthographic":true}