{"cameraMode":{"drawMode":0,"name":"Shaded","section":"Shading Mode"},"sceneLighting":true,"audioPlay":false,"sceneViewState":{"showFog":true,"showMaterialUpdate":true,"showSkybox":true,"showFlares":true,"showImageEffects":true,"showParticleSystems":true},"in2DMode":false,"pivot":{"x":59.81253433227539,"y":8.297359466552735,"z":38.49050521850586},"rotation":{"x":0.03455182537436485,"y":-0.17507719993591309,"z":-0.006155656650662422,"w":-0.9839405417442322},"size":51.76723098754883,"orthographic":false}